{
  "saveVersion" : 1,
  "id" : 1,
  "name" : "하이 엘프 (High Elf)",
  "tribeId" : 6,
  "religionId" : 0,
  "currentHp" : 275,
  "currentMp" : 213,
  "currentStamina" : 152,
  "currentGold" : 1942,
  "combatStats" : {
    "maxHp" : 275,
    "maxMp" : 213,
    "maxStamina" : 169,
    "hpRegen" : 5.0,
    "mpRegen" : 7.6000000000000005,
    "meleeAtk" : 53.5,
    "magicAtk" : 38.5,
    "critRate" : 9.0,
    "critDmg" : 173.0,
    "penetration" : 11.0,
    "physDef" : 25.5,
    "magRes" : 24.5,
    "dodge" : 15.3,
    "accuracy" : 12.2,
    "moveSpeed" : 1.05,
    "statusResist" : 14.600000000000001
  },
  "baseStats" : {
    "1" : 3,
    "2" : 3,
    "3" : 3,
    "4" : 8,
    "5" : 9,
    "6" : 6,
    "7" : 3,
    "8" : 7,
    "9" : 7,
    "10" : 7,
    "11" : 7,
    "12" : 8,
    "13" : 6,
    "14" : 5,
    "15" : 5,
    "16" : 8,
    "17" : 9,
    "18" : 8,
    "19" : 7,
    "20" : 8,
    "21" : 8,
    "22" : 3,
    "23" : 6,
    "24" : 6
  },
  "equipmentBonusStats" : {
    "1" : 5,
    "2" : 4,
    "3" : 2,
    "4" : 2,
    "8" : 3,
    "10" : 4,
    "11" : 2,
    "12" : 4,
    "13" : 3,
    "14" : 1
  },
  "activeStatuses" : [ ],
  "finalStats" : {
    "1" : 8,
    "2" : 7,
    "3" : 5,
    "4" : 10,
    "5" : 9,
    "6" : 6,
    "7" : 3,
    "8" : 10,
    "9" : 7,
    "10" : 11,
    "11" : 9,
    "12" : 12,
    "13" : 9,
    "14" : 6,
    "15" : 5,
    "16" : 8,
    "17" : 9,
    "18" : 8,
    "19" : 7,
    "20" : 8,
    "21" : 8,
    "22" : 3,
    "23" : 6,
    "24" : 6
  },
  "potentials" : {
    "1" : 7,
    "2" : 3,
    "3" : 7,
    "4" : 5,
    "5" : 7,
    "6" : 4,
    "7" : 6,
    "8" : 4,
    "9" : 5,
    "10" : 4,
    "11" : 4,
    "12" : 4,
    "13" : 5,
    "14" : 7,
    "15" : 6,
    "16" : 7,
    "17" : 5,
    "18" : 4,
    "19" : 4,
    "20" : 4,
    "21" : 6,
    "22" : 3,
    "23" : 5,
    "24" : 6
  },
  "usedItemIds" : [ ],
  "equippedItems" : {
    "HEAD" : 0,
    "NECKLACE" : 8,
    "BOOTS" : 4,
    "RING" : 5,
    "WEAPON" : 1,
    "BODY" : 2,
    "SUB_WEAPON" : 6
  },
  "learnedSkillIds" : [ 1, 2 ]
}