{
  "saveVersion" : 1,
  "id" : 1,
  "name" : "우드 엘프 (Wood Elf)",
  "tribeId" : 7,
  "religionId" : 0,
  "currentHp" : 307,
  "currentMp" : 117,
  "currentStamina" : 192,
  "currentGold" : 80,
  "combatStats" : {
    "maxHp" : 307,
    "maxMp" : 117,
    "maxStamina" : 192,
    "hpRegen" : 3.0,
    "mpRegen" : 5.6,
    "meleeAtk" : 73.5,
    "magicAtk" : 36.0,
    "critRate" : 17.5,
    "critDmg" : 162.0,
    "penetration" : 8.0,
    "physDef" : 87.0,
    "magRes" : 16.5,
    "dodge" : 7.5,
    "accuracy" : 21.0,
    "moveSpeed" : 0.6799999999999999,
    "statusResist" : 16.200000000000003
  },
  "baseStats" : {
    "1" : 4,
    "2" : 4,
    "3" : 4,
    "4" : 4,
    "5" : 6,
    "6" : 8,
    "7" : 4,
    "8" : 8,
    "9" : 8,
    "10" : 8,
    "11" : 8,
    "12" : 9,
    "13" : 9,
    "14" : 8,
    "15" : 6,
    "16" : 7,
    "17" : 6,
    "18" : 6,
    "19" : 5,
    "20" : 6,
    "21" : 5,
    "22" : 4,
    "23" : 6,
    "24" : 5
  },
  "equipmentBonusStats" : {
    "1" : 5,
    "2" : 7,
    "3" : 2,
    "11" : 13,
    "12" : 23,
    "13" : 1,
    "14" : 1,
    "15" : 5
  },
  "activeStatuses" : [ ],
  "finalStats" : {
    "1" : 9,
    "2" : 11,
    "3" : 6,
    "4" : 4,
    "5" : 6,
    "6" : 8,
    "7" : 4,
    "8" : 8,
    "9" : 8,
    "10" : 8,
    "11" : 21,
    "12" : 32,
    "13" : 10,
    "14" : 9,
    "15" : 11,
    "16" : 7,
    "17" : 6,
    "18" : 6,
    "19" : 5,
    "20" : 6,
    "21" : 5,
    "22" : 4,
    "23" : 6,
    "24" : 5
  },
  "potentials" : {
    "1" : 5,
    "2" : 4,
    "3" : 4,
    "4" : 4,
    "5" : 5,
    "6" : 4,
    "7" : 4,
    "8" : 2,
    "9" : 6,
    "10" : 7,
    "11" : 5,
    "12" : 3,
    "13" : 4,
    "14" : 6,
    "15" : 6,
    "16" : 5,
    "17" : 6,
    "18" : 7,
    "19" : 5,
    "20" : 3,
    "21" : 3,
    "22" : 4,
    "23" : 2,
    "24" : 7
  },
  "usedItemIds" : [ ],
  "equippedItems" : {
    "HEAD" : 3,
    "NECKLACE" : 8,
    "BOOTS" : 4,
    "RING" : 5,
    "WEAPON" : 9,
    "BODY" : 10,
    "SUB_WEAPON" : 6
  },
  "learnedSkillIds" : [ 1, 2 ]
}