{
  "saveVersion" : 1,
  "id" : 1,
  "name" : "다크 엘프 (Drow)",
  "tribeId" : 8,
  "religionId" : 0,
  "currentHp" : 292,
  "currentMp" : 82,
  "currentStamina" : 118,
  "currentGold" : 1573,
  "combatStats" : {
    "maxHp" : 292,
    "maxMp" : 117,
    "maxStamina" : 192,
    "hpRegen" : 3.0,
    "mpRegen" : 5.1,
    "meleeAtk" : 39.5,
    "magicAtk" : 34.0,
    "critRate" : 9.0,
    "critDmg" : 162.0,
    "penetration" : 8.0,
    "physDef" : 42.5,
    "magRes" : 11.5,
    "dodge" : 13.100000000000001,
    "accuracy" : 7.699999999999999,
    "moveSpeed" : 0.83,
    "statusResist" : 16.200000000000003
  },
  "baseStats" : {
    "1" : 4,
    "2" : 4,
    "3" : 4,
    "4" : 4,
    "5" : 6,
    "6" : 8,
    "7" : 4,
    "8" : 7,
    "9" : 8,
    "10" : 8,
    "11" : 7,
    "12" : 9,
    "13" : 9,
    "14" : 6,
    "15" : 6,
    "16" : 6,
    "17" : 6,
    "18" : 6,
    "19" : 5,
    "20" : 6,
    "21" : 5,
    "22" : 6,
    "23" : 5,
    "24" : 6
  },
  "equipmentBonusStats" : {
    "1" : 5,
    "2" : 4,
    "3" : 2,
    "11" : 3,
    "12" : 8,
    "13" : 1,
    "14" : 1
  },
  "activeStatuses" : [ ],
  "finalStats" : {
    "1" : 9,
    "2" : 8,
    "3" : 6,
    "4" : 4,
    "5" : 6,
    "6" : 8,
    "7" : 4,
    "8" : 7,
    "9" : 8,
    "10" : 8,
    "11" : 10,
    "12" : 17,
    "13" : 10,
    "14" : 7,
    "15" : 6,
    "16" : 6,
    "17" : 6,
    "18" : 6,
    "19" : 5,
    "20" : 6,
    "21" : 5,
    "22" : 6,
    "23" : 5,
    "24" : 6
  },
  "potentials" : {
    "1" : 5,
    "2" : 3,
    "3" : 4,
    "4" : 4,
    "5" : 2,
    "6" : 6,
    "7" : 3,
    "8" : 5,
    "9" : 4,
    "10" : 4,
    "11" : 5,
    "12" : 6,
    "13" : 6,
    "14" : 5,
    "15" : 6,
    "16" : 6,
    "17" : 5,
    "18" : 5,
    "19" : 4,
    "20" : 6,
    "21" : 5,
    "22" : 6,
    "23" : 7,
    "24" : 6
  },
  "usedItemIds" : [ ],
  "equippedItems" : {
    "HEAD" : 3,
    "NECKLACE" : 8,
    "BOOTS" : 4,
    "RING" : 5,
    "WEAPON" : 0,
    "BODY" : 0,
    "SUB_WEAPON" : 6
  },
  "learnedSkillIds" : [ 1, 2, 11, 12 ]
}