{
  "saveVersion" : 1,
  "id" : 1,
  "name" : "산악 드워프 (Mountain Dwarf)",
  "tribeId" : 4,
  "religionId" : 0,
  "currentHp" : 176,
  "currentMp" : 192,
  "currentStamina" : 120,
  "currentGold" : 96,
  "combatStats" : {
    "maxHp" : 219,
    "maxMp" : 192,
    "maxStamina" : 167,
    "hpRegen" : 3.5,
    "mpRegen" : 5.7,
    "meleeAtk" : 45.0,
    "magicAtk" : 34.0,
    "critRate" : 10.5,
    "critDmg" : 165.0,
    "penetration" : 8.5,
    "physDef" : 14.0,
    "magRes" : 18.0,
    "dodge" : 8.9,
    "accuracy" : 11.9,
    "moveSpeed" : 0.8999999999999999,
    "statusResist" : 14.600000000000001
  },
  "baseStats" : {
    "1" : 7,
    "2" : 7,
    "3" : 7,
    "4" : 8,
    "5" : 6,
    "6" : 4,
    "7" : 9,
    "8" : 4,
    "9" : 5,
    "10" : 5,
    "11" : 6,
    "12" : 5,
    "13" : 6,
    "14" : 6,
    "15" : 7,
    "16" : 7,
    "17" : 5,
    "18" : 6,
    "19" : 4,
    "20" : 5,
    "21" : 5,
    "22" : 8,
    "23" : 7,
    "24" : 7
  },
  "equipmentBonusStats" : {
    "4" : 2,
    "8" : 3,
    "10" : 4,
    "11" : 2,
    "12" : 1,
    "13" : 2
  },
  "activeStatuses" : [ ],
  "finalStats" : {
    "1" : 7,
    "2" : 7,
    "3" : 7,
    "4" : 10,
    "5" : 6,
    "6" : 4,
    "7" : 9,
    "8" : 7,
    "9" : 5,
    "10" : 9,
    "11" : 8,
    "12" : 6,
    "13" : 8,
    "14" : 6,
    "15" : 7,
    "16" : 7,
    "17" : 5,
    "18" : 6,
    "19" : 4,
    "20" : 5,
    "21" : 5,
    "22" : 8,
    "23" : 7,
    "24" : 7
  },
  "potentials" : {
    "1" : 7,
    "2" : 5,
    "3" : 2,
    "4" : 4,
    "5" : 5,
    "6" : 4,
    "7" : 3,
    "8" : 6,
    "9" : 6,
    "10" : 7,
    "11" : 6,
    "12" : 4,
    "13" : 4,
    "14" : 6,
    "15" : 5,
    "16" : 5,
    "17" : 6,
    "18" : 6,
    "19" : 5,
    "20" : 5,
    "21" : 7,
    "22" : 6,
    "23" : 7,
    "24" : 7
  },
  "usedItemIds" : [ ],
  "equippedItems" : {
    "HEAD" : 0,
    "NECKLACE" : 0,
    "BOOTS" : 0,
    "RING" : 0,
    "WEAPON" : 1,
    "BODY" : 2,
    "SUB_WEAPON" : 0
  },
  "learnedSkillIds" : [ 1, 2 ]
}