{
  "saveVersion" : 1,
  "id" : 1,
  "name" : "다크 엘프 (Drow)",
  "tribeId" : 8,
  "religionId" : 0,
  "currentHp" : 147,
  "currentMp" : 102,
  "currentStamina" : 27,
  "currentGold" : 111,
  "combatStats" : {
    "maxHp" : 268,
    "maxMp" : 102,
    "maxStamina" : 192,
    "hpRegen" : 4.5,
    "mpRegen" : 5.1,
    "meleeAtk" : 54.5,
    "magicAtk" : 28.5,
    "critRate" : 9.0,
    "critDmg" : 167.0,
    "penetration" : 9.5,
    "physDef" : 13.5,
    "magRes" : 11.5,
    "dodge" : 9.100000000000001,
    "accuracy" : 9.7,
    "moveSpeed" : 0.6499999999999999,
    "statusResist" : 14.6
  },
  "baseStats" : {
    "1" : 4,
    "2" : 4,
    "3" : 4,
    "4" : 4,
    "5" : 6,
    "6" : 8,
    "7" : 4,
    "8" : 7,
    "9" : 8,
    "10" : 8,
    "11" : 7,
    "12" : 9,
    "13" : 9,
    "14" : 6,
    "15" : 6,
    "16" : 6,
    "17" : 6,
    "18" : 6,
    "19" : 5,
    "20" : 6,
    "21" : 5,
    "22" : 6,
    "23" : 5,
    "24" : 6
  },
  "equipmentBonusStats" : {
    "1" : 5,
    "10" : 4,
    "11" : 2,
    "12" : 1
  },
  "activeStatuses" : [ ],
  "finalStats" : {
    "1" : 9,
    "2" : 4,
    "3" : 4,
    "4" : 4,
    "5" : 6,
    "6" : 8,
    "7" : 4,
    "8" : 7,
    "9" : 8,
    "10" : 12,
    "11" : 9,
    "12" : 10,
    "13" : 9,
    "14" : 6,
    "15" : 6,
    "16" : 6,
    "17" : 6,
    "18" : 6,
    "19" : 5,
    "20" : 6,
    "21" : 5,
    "22" : 6,
    "23" : 5,
    "24" : 6
  },
  "potentials" : {
    "1" : 5,
    "2" : 6,
    "3" : 5,
    "4" : 5,
    "5" : 4,
    "6" : 7,
    "7" : 3,
    "8" : 5,
    "9" : 6,
    "10" : 5,
    "11" : 6,
    "12" : 1,
    "13" : 5,
    "14" : 7,
    "15" : 1,
    "16" : 1,
    "17" : 5,
    "18" : 5,
    "19" : 5,
    "20" : 4,
    "21" : 5,
    "22" : 6,
    "23" : 4,
    "24" : 5
  },
  "usedItemIds" : [ ],
  "equippedItems" : {
    "HEAD" : 0,
    "NECKLACE" : 8,
    "BOOTS" : 0,
    "RING" : 0,
    "WEAPON" : 1,
    "BODY" : 0,
    "SUB_WEAPON" : 0
  },
  "learnedSkillIds" : [ 1, 2 ]
}