{
  "saveVersion" : 1,
  "id" : 1,
  "name" : "하이 엘프 (High Elf)",
  "tribeId" : 6,
  "religionId" : 0,
  "currentHp" : 190,
  "currentMp" : 198,
  "currentStamina" : 139,
  "currentGold" : 277,
  "combatStats" : {
    "maxHp" : 190,
    "maxMp" : 198,
    "maxStamina" : 169,
    "hpRegen" : 2.5,
    "mpRegen" : 7.6000000000000005,
    "meleeAtk" : 45.5,
    "magicAtk" : 33.0,
    "critRate" : 17.0,
    "critDmg" : 168.0,
    "penetration" : 8.5,
    "physDef" : 31.5,
    "magRes" : 21.5,
    "dodge" : 16.3,
    "accuracy" : 22.2,
    "moveSpeed" : 1.08,
    "statusResist" : 14.600000000000001
  },
  "baseStats" : {
    "1" : 3,
    "2" : 3,
    "3" : 3,
    "4" : 8,
    "5" : 9,
    "6" : 6,
    "7" : 3,
    "8" : 7,
    "9" : 7,
    "10" : 7,
    "11" : 7,
    "12" : 8,
    "13" : 6,
    "14" : 5,
    "15" : 5,
    "16" : 8,
    "17" : 9,
    "18" : 8,
    "19" : 7,
    "20" : 8,
    "21" : 8,
    "22" : 3,
    "23" : 6,
    "24" : 6
  },
  "equipmentBonusStats" : {
    "2" : 7,
    "3" : 2,
    "4" : 2,
    "8" : 3,
    "11" : 3,
    "12" : 5,
    "13" : 2,
    "15" : 5
  },
  "activeStatuses" : [ ],
  "finalStats" : {
    "1" : 3,
    "2" : 10,
    "3" : 5,
    "4" : 10,
    "5" : 9,
    "6" : 6,
    "7" : 3,
    "8" : 10,
    "9" : 7,
    "10" : 7,
    "11" : 10,
    "12" : 13,
    "13" : 8,
    "14" : 5,
    "15" : 10,
    "16" : 8,
    "17" : 9,
    "18" : 8,
    "19" : 7,
    "20" : 8,
    "21" : 8,
    "22" : 3,
    "23" : 6,
    "24" : 6
  },
  "potentials" : {
    "1" : 2,
    "2" : 5,
    "3" : 3,
    "4" : 4,
    "5" : 7,
    "6" : 7,
    "7" : 5,
    "8" : 6,
    "9" : 4,
    "10" : 7,
    "11" : 5,
    "12" : 4,
    "13" : 4,
    "14" : 4,
    "15" : 7,
    "16" : 5,
    "17" : 6,
    "18" : 6,
    "19" : 6,
    "20" : 6,
    "21" : 4,
    "22" : 6,
    "23" : 3,
    "24" : 5
  },
  "usedItemIds" : [ ],
  "equippedItems" : {
    "HEAD" : 3,
    "NECKLACE" : 0,
    "BOOTS" : 4,
    "RING" : 0,
    "WEAPON" : 9,
    "BODY" : 2,
    "SUB_WEAPON" : 0
  },
  "learnedSkillIds" : [ 1 ]
}